,category,precision_@0.9IOU,recall_@0.9IOU
0,bumblebee,0.868421052631579,0.66
1,not_bumblebee,0.7796610169491526,0.8846153846153846
